{
  "config": {
    "dim": 128,
    "seq_len": 128,
    "batch_size": 4,
    "epochs": 30,
    "lr": 0.0003
  },
  "rmn": {
    "epoch": [
      0,
      1,
      2,
      3,
      4,
      5,
      6,
      7,
      8,
      9,
      10,
      11,
      12,
      13,
      14,
      15,
      16,
      17,
      18,
      19,
      20,
      21,
      22,
      23,
      24,
      25,
      26,
      27,
      28,
      29
    ],
    "loss_total": [
      98.36138461884998,
      37.70461413973854,
      28.146986416407994,
      23.19043032328288,
      19.7152251743135,
      17.073051021212624,
      15.146382013956705,
      13.656935532887777,
      12.539709840502058,
      11.664347012837728,
      11.045393648601713,
      10.517174879709879,
      10.116343952360607,
      9.784987722124372,
      9.518537067231678,
      9.288034779684883,
      9.123964355105446,
      8.961277553013392,
      8.861189547039213,
      8.752980697722663,
      8.66317613919576,
      8.617690029598418,
      8.566743669055757,
      8.516290335428147,
      8.494605461756388,
      8.465691248575846,
      8.449569270724343,
      8.45699581645784,
      8.45236551193964,
      8.44187451544262
    ],
    "loss_ce": [
      98.3513831184024,
      37.694615454900834,
      28.136986232939222,
      23.180430139814103,
      19.705224945431663,
      17.063050792330788,
      15.13638178507487,
      13.646935304005941,
      12.529709611620222,
      11.654346783955893,
      11.035393419719878,
      10.507174650828043,
      10.106343723478771,
      9.774987493242536,
      9.508536838349842,
      9.278034550803048,
      9.11396412622361,
      8.951277324131556,
      8.851189318157378,
      8.742980468840827,
      8.653175910313925,
      8.607689800716582,
      8.55674378077189,
      8.506291241872878,
      8.484606368201119,
      8.455692223140172,
      8.439570358821324,
      8.44699690455482,
      8.442366645449685,
      8.43187569436573
    ],
    "loss_dissonance": [
      1.0,
      1.0,
      1.0,
      1.0,
      1.0,
      1.0,
      1.0,
      1.0,
      1.0,
      1.0,
      1.0,
      1.0,
      1.0,
      1.0,
      1.0,
      1.0,
      1.0,
      1.0,
      1.0,
      1.0,
      1.0,
      0.9999999432336717,
      0.9999672429902213,
      0.9998873585746402,
      0.9998860969429925,
      0.9998795375937507,
      0.999868380171912,
      0.9998683972018105,
      0.9998638601530165,
      0.9998607479390644
    ],
    "perplexity": [
      1000000.0,
      1000000.0,
      1000000.0,
      1000000.0,
      1000000.0,
      1000000.0,
      1000000.0,
      844867.8125,
      276429.15625,
      115190.953125,
      62031.2578125,
      36576.984375,
      24497.9140625,
      17588.265625,
      13474.2705078125,
      10700.376953125,
      9081.22265625,
      7717.74658203125,
      6982.69091796875,
      6266.54248046875,
      5728.31298828125,
      5473.58935546875,
      5201.71484375,
      4945.787109375,
      4839.69384765625,
      4701.76025390625,
      4626.56689453125,
      4661.05322265625,
      4639.52197265625,
      4591.1015625
    ],
    "bifurcation_rate": [
      0.0,
      0.0,
      0.0,
      0.0,
      0.0,
      0.0,
      0.0,
      0.0,
      0.0,
      0.0,
      0.0,
      0.0,
      0.0,
      0.0,
      0.0,
      0.0,
      0.0,
      0.0,
      0.0,
      0.0,
      0.0,
      0.0,
      0.0,
      0.0,
      0.0,
      0.0,
      0.0,
      0.0,
      0.0,
      0.0
    ],
    "mean_tension": [
      -316.61683400472003,
      -265.15100533621654,
      -261.41276404971165,
      -259.7980234055292,
      -259.09779684884205,
      -261.04632895333424,
      -259.396480741955,
      -259.79583921886626,
      -258.1220056442987,
      -258.3831667218889,
      -257.9805345081148,
      -258.3291535150437,
      -257.4971484229678,
      -257.07392447335377,
      -257.8652990432013,
      -256.6522928873698,
      -258.3760361444382,
      -257.3626403808594,
      -258.2045084635417,
      -258.46956307547435,
      -258.0215821039109,
      -256.96974400111606,
      -257.67088572184247,
      -256.8357271466936,
      -257.60107276553197,
      -258.3410960606166,
      -258.1374362763904,
      -258.2499077206566,
      -257.8143430437361,
      -257.94868541899183
    ],
    "time_per_epoch": [
      4.757836103439331,
      2.3285489082336426,
      2.3034157752990723,
      2.283611297607422,
      2.3145573139190674,
      2.300482749938965,
      2.281142473220825,
      2.3641762733459473,
      2.302280902862549,
      2.2816812992095947,
      2.310845375061035,
      2.4196016788482666,
      2.2721285820007324,
      2.27752685546875,
      2.264167308807373,
      2.2790446281433105,
      2.2776553630828857,
      2.277146100997925,
      2.2635655403137207,
      2.283724308013916,
      2.2740204334259033,
      2.275681257247925,
      2.261103391647339,
      2.2778825759887695,
      2.3104522228240967,
      2.3158764839172363,
      2.3218414783477783,
      2.309032678604126,
      2.3134448528289795,
      2.3375799655914307
    ]
  },
  "baseline": {
    "epoch": [
      0,
      1,
      2,
      3,
      4,
      5,
      6,
      7,
      8,
      9,
      10,
      11,
      12,
      13,
      14,
      15,
      16,
      17,
      18,
      19,
      20,
      21,
      22,
      23,
      24,
      25,
      26,
      27,
      28,
      29
    ],
    "loss_total": [
      98.59252829778762,
      45.14908100309826,
      30.410144805908203,
      24.41153058551607,
      20.456437065487815,
      17.601871785663423,
      15.483333224341983,
      13.956402165549141,
      12.804885818844749,
      11.875499452863421,
      11.184111027490525,
      10.596556958698091,
      10.142997673579625,
      9.784097035725912,
      9.501114164079938,
      9.246298245021276,
      9.074778068633307,
      8.893918968382335,
      8.790911924271356,
      8.664343481972104,
      8.5832135563805,
      8.505997056052799,
      8.462234633309501,
      8.405291489192418,
      8.381896620705014,
      8.354497341882615,
      8.338307596388317,
      8.319494258789788,
      8.329100166048322,
      8.329436801728749
    ],
    "loss_ce": [
      98.59252829778762,
      45.14908100309826,
      30.410144805908203,
      24.41153058551607,
      20.456437065487815,
      17.601871785663423,
      15.483333224341983,
      13.956402165549141,
      12.804885818844749,
      11.875499452863421,
      11.184111027490525,
      10.596556958698091,
      10.142997673579625,
      9.784097035725912,
      9.501114164079938,
      9.246298245021276,
      9.074778068633307,
      8.893918968382335,
      8.790911924271356,
      8.664343481972104,
      8.5832135563805,
      8.505997056052799,
      8.462234633309501,
      8.405291489192418,
      8.381896620705014,
      8.354497341882615,
      8.338307596388317,
      8.319494258789788,
      8.329100166048322,
      8.329436801728749
    ],
    "loss_dissonance": [
      0.0,
      0.0,
      0.0,
      0.0,
      0.0,
      0.0,
      0.0,
      0.0,
      0.0,
      0.0,
      0.0,
      0.0,
      0.0,
      0.0,
      0.0,
      0.0,
      0.0,
      0.0,
      0.0,
      0.0,
      0.0,
      0.0,
      0.0,
      0.0,
      0.0,
      0.0,
      0.0,
      0.0,
      0.0,
      0.0
    ],