{
  "config": {
    "dim": 128,
    "seq_len": 128,
    "batch_size": 4,
    "epochs": 30,
    "lr": 0.0003
  },
  "rmn": {
    "epoch": [
      0,
      1,
      2,
      3,
      4,
      5,
      6,
      7,
      8,
      9,
      10,
      11,
      12,
      13,
      14,
      15,
      16,
      17,
      18,
      19,
      20,
      21,
      22,
      23,
      24,
      25,
      26,
      27,
      28,
      29
    ],
    "loss_total": [
      125.55746260143462,
      121.6948489234561,
      116.62095896402995,
      110.72755323137555,
      105.04754729498,
      100.16100238618397,
      95.93449238368443,
      91.20823069981166,
      87.68243662516277,
      83.53280948457264,
      80.67283012753441,
      77.46733729044597,
      72.29088120233445,
      68.90997205461774,
      62.11624881199428,
      56.55635361444382,
      52.23519243512835,
      48.78982489449637,
      46.329243614560085,
      44.41217640468052,
      42.99109413510277,
      41.93263744172596,
      41.05806069147019,
      40.47845104762486,
      39.994206655593146,
      39.66183571588425,
      39.47865349905832,
      39.327603385561986,
      39.28052793230329,
      39.24856222243536
    ],
    "loss_ce": [
      125.54746046520415,
      121.68484678722564,
      116.61095682779948,
      110.71755109514508,
      105.03754515874954,
      100.1510002499535,
      95.92449024745396,
      91.1982285635812,
      87.6724344889323,
      83.52280734834217,
      80.66282799130394,
      77.4573351542155,
      72.28087906610398,
      68.89996991838727,
      62.10624976385208,
      56.54635529291062,
      52.225194113595144,
      48.77982657296317,
      46.31924529302688,
      44.40217808314732,
      42.98109581356957,
      41.922639120192756,
      41.048062369936986,
      40.468452726091655,
      39.98420833405994,
      39.65183739435105,
      39.468655177525115,
      39.31760506402878,
      39.27052961077009,
      39.23856390090216
    ],
    "loss_dissonance": [
      1.0,
      1.0,
      1.0,
      1.0,
      1.0,
      1.0,
      1.0,
      1.0,
      1.0,
      1.0,
      1.0,
      1.0,
      1.0,
      1.0,
      1.0,
      1.0,
      1.0,
      1.0,
      1.0,
      1.0,
      1.0,
      1.0,
      1.0,
      1.0,
      1.0,
      1.0,
      1.0,
      1.0,
      1.0,
      1.0
    ],
    "perplexity": [
      1000000.0,
      1000000.0,
      1000000.0,
      1000000.0,
      1000000.0,
      1000000.0,
      1000000.0,
      1000000.0,
      1000000.0,
      1000000.0,
      1000000.0,
      1000000.0,
      1000000.0,
      1000000.0,
      1000000.0,
      1000000.0,
      1000000.0,
      1000000.0,
      1000000.0,
      1000000.0,
      1000000.0,
      1000000.0,
      1000000.0,
      1000000.0,
      1000000.0,
      1000000.0,
      1000000.0,
      1000000.0,
      1000000.0,
      1000000.0
    ],
    "bifurcation_rate": [
      0.0,
      0.0,
      0.0,
      0.0,
      0.0,
      0.0,
      0.0,
      0.0,
      0.0,
      0.0,
      0.0,
      0.0,
      0.0,
      0.0,
      0.0,
      0.0,
      0.0,
      0.0,
      0.0,
      0.0,
      0.0,
      0.0,
      0.0,
      0.0,
      0.0,
      0.0,
      0.0,
      0.0,
      0.0,
      0.0
    ],
    "mean_tension": [
      -524.2393115815662,
      -436.1977212088449,
      -389.9632604689825,
      -365.9668862479074,
      -347.2325962611607,
      -341.96202160063245,
      -349.5015513102214,
      -341.16097223191036,
      -343.104742140997,
      -327.5833703903925,
      -325.62173643566314,
      -342.11946977887834,
      -348.76183646065846,
      -362.6117466517857,
      -360.57545107886904,
      -337.0275392078218,
      -314.8816600981213,
      -282.6830084664481,
      -279.84358760288785,
      -270.5960264660063,
      -256.29352896554127,
      -257.4520270937965,
      -249.8436577206566,
      -256.42130461193267,
      -255.1424778529576,
      -253.18955703008743,
      -254.43020920526413,
      -253.00984882173083,
      -250.59735725039528,
      -249.9597876412528
    ],
    "time_per_epoch": [
      4.653078079223633,
      2.2903733253479004,
      2.2746801376342773,
      2.280129909515381,
      2.2573964595794678,
      2.257528781890869,
      2.2637603282928467,
      2.2500953674316406,
      2.2618136405944824,
      2.253218173980713,
      2.2514874935150146,
      2.3118622303009033,
      2.2581350803375244,
      2.254082679748535,
      2.2501728534698486,
      2.256570816040039,
      2.252293825149536,
      2.2615363597869873,
      2.371025800704956,
      2.270983934402466,
      2.255880832672119,
      2.2505130767822266,
      2.2584526538848877,
      2.3137004375457764,
      2.261033535003662,
      2.2444605827331543,
      2.2480263710021973,
      2.246168613433838,
      2.270404100418091,
      2.249751567840576
    ]
  },
  "baseline": {
    "epoch": [
      0,
      1,
      2,
      3,
      4,
      5,
      6,
      7,
      8,
      9,
      10,
      11,
      12,
      13,
      14,
      15,
      16,
      17,
      18,
      19,
      20,
      21,
      22,
      23,
      24,
      25,
      26,
      27,
      28,
      29
    ],
    "loss_total": [
      101.11632065545945,
      47.13316363380069,
      30.75011394137428,
      23.993278276352655,
      19.947062674022856,
      17.278940927414666,
      15.283474922180176,
      13.834668409256707,
      12.677360739026751,
      11.783586615607852,
      11.106057371412005,
      10.558057035718646,
      10.08830231711978,
      9.730877808162145,
      9.432320390428815,
      9.226859001886277,
      9.016834486098517,
      8.87808378537496,
      8.722135770888556,
      8.63356936545599,
      8.543644825617472,
      8.48632371993292,
      8.433286485217867,
      8.395723297482444,
      8.333564463115874,
      8.311457599912371,
      8.29467613356454,
      8.29527345157805,
      8.277442954835438,
      8.293684073856898
    ],
    "loss_ce": [
      101.11632065545945,
      47.13316363380069,
      30.75011394137428,
      23.993278276352655,
      19.947062674022856,
      17.278940927414666,
      15.283474922180176,
      13.834668409256707,
      12.677360739026751,
      11.783586615607852,
      11.106057371412005,
      10.558057035718646,
      10.08830231711978,
      9.730877808162145,
      9.432320390428815,
      9.226859001886277,
      9.016834486098517,
      8.87808378537496,
      8.722135770888556,
      8.63356936545599,
      8.543644825617472,
      8.48632371993292,
      8.433286485217867,
      8.395723297482444,
      8.333564463115874,
      8.311457599912371,
      8.29467613356454,
      8.29527345157805,
      8.277442954835438,
      8.293684073856898
    ],
    "loss_dissonance": [
      0.0,
      0.0,
      0.0,
      0.0,
      0.0,
      0.0,
      0.0,
      0.0,
      0.0,
      0.0,
      0.0,
      0.0,
      0.0,
      0.0,
      0.0,
      0.0,
      0.0,
      0.0,
      0.0,
      0.0,
      0.0,
      0.0,
      0.0,
      0.0,
      0.0,
      0.0,
      0.0,
      0.0,
      0.0,
      0.0
    ],
    "perplexity": [
      1000000.0,
      1000000.0,
      1000000.0,
      1000000.0,
      1000000.0,
      1000000.0,
      1000000.0,
      1000000.0,
      320411.21875,
      131083.0625,
      66573.1875,
      38486.26953125,
      24059.91796875,
      16829.3203125,
      12485.466796875,
      10166.5595703125,
      8240.6484375,
      7173.03515625,
      6137.271484375,
      5617.09375,
      5134.0234375,
      4848.0087890625,
      4597.5859375,
      4428.0888671875,
      4161.22509765625,
      4070.24169921875,
      4002.505615234375,
      4004.899658203125,
      3934.12158203125,
      3998.537841796875
    ],