{
  "config": {
    "dim": 128,
    "seq_len": 128,
    "batch_size": 4,
    "epochs": 30,
    "lr": 0.0003
  },
  "rmn": {
    "epoch": [
      0,
      1,
      2,
      3,
      4,
      5,
      6,
      7,
      8,
      9,
      10,
      11,
      12,
      13,
      14,
      15,
      16,
      17,
      18,
      19,
      20,
      21,
      22,
      23,
      24,
      25,
      26,
      27,
      28,
      29
    ],
    "loss_total": [
      112.25873329525902,
      48.230547768729075,
      31.21087782723563,
      24.8403232665289,
      20.64231273106166,
      17.66778648467291,
      15.364622910817465,
      13.693522793906075,
      12.448045776003884,
      11.536662919180733,
      10.871809119269962,
      10.328867321922665,
      9.910789921170188,
      9.576241924649192,
      9.311628046489897,
      9.090484505607968,
      8.932546229589553,
      8.799398717426119,
      8.663511094592867,
      8.561421087809972,
      8.496906814121065,
      8.4320296560015,
      8.38835418791998,
      8.372530812308902,
      8.325681357156663,
      8.31343454406375,
      8.299792301087152,
      8.296662194388253,
      8.276011376153855,
      8.296428067343575
    ],
    "loss_ce": [
      112.24873115902855,
      48.220548902239116,
      31.20087818872361,
      24.83032308306013,
      20.63231254759289,
      17.657786255791073,
      15.354622681935629,
      13.683522565024239,
      12.438045547122048,
      11.526662690298897,
      10.861808890388126,
      10.31886709304083,
      9.900789692288352,
      9.566241695767356,
      9.301627817608061,
      9.080484276726132,
      8.922546000707717,
      8.789398488544283,
      8.65351086571103,
      8.551420858928136,
      8.486906585239229,
      8.422029427119664,
      8.37835397039141,
      8.362530583427066,
      8.315681128274827,
      8.303434326535179,
      8.289792072205316,
      8.286661965506417,
      8.26601114727202,
      8.286427838461739
    ],
    "loss_dissonance": [
      1.0,
      1.0,
      1.0,
      1.0,
      1.0,
      1.0,
      1.0,
      1.0,
      1.0,
      1.0,
      1.0,
      1.0,
      1.0,
      1.0,
      1.0,
      1.0,
      1.0,
      1.0,
      1.0,
      1.0,
      1.0,
      1.0,
      1.0,
      1.0,
      1.0,
      1.0,
      1.0,
      1.0,
      1.0,
      1.0
    ],
    "perplexity": [
      1000000.0,
      1000000.0,
      1000000.0,
      1000000.0,
      1000000.0,
      1000000.0,
      1000000.0,
      876351.25,
      252217.09375,
      101383.21875,
      52146.3125,
      30298.900390625,
      19946.107421875,
      14274.6611328125,
      10955.841796875,
      8782.21875,
      7499.16064453125,
      6564.28076171875,
      5730.23046875,
      5174.1025390625,
      4850.83935546875,
      4546.12060546875,
      4351.84033203125,
      4283.521484375,
      4087.469970703125,
      4037.715576171875,
      3983.005859375,
      3970.558837890625,
      3889.404052734375,
      3969.62744140625
    ],
    "bifurcation_rate": [
      0.0,
      0.0,
      0.0,
      0.0,
      0.0,
      0.0,
      0.0,
      0.0,
      0.0,
      0.0,
      0.0,
      0.0,
      0.0,
      0.0,
      0.0,
      0.0,
      0.0,
      0.0,
      0.0,
      0.0,
      0.0,
      0.0,
      0.0,
      0.0,
      0.0,
      0.0,
      0.0,
      0.0,
      0.0,
      0.0
    ],
    "mean_tension": [
      -330.6144005911691,
      -266.76964423769994,
      -263.725961957659,
      -261.2618580772763,
      -260.8744910103934,
      -259.1191119239444,
      -258.8741146269299,
      -257.1516581944057,
      -258.2158628191267,
      -257.9865159534273,
      -257.74199349539623,
      -256.9791717529297,
      -256.4355766659691,
      -256.67981974283856,
      -258.0347373599098,
      -257.7390285673596,
      -256.3982663835798,
      -257.0208213442848,
      -256.49768974667506,
      -255.991823832194,
      -256.13951074509396,
      -257.3416835239955,
      -256.0857456752232,
      -258.36109960646854,
      -255.2036092849005,
      -257.19297972179595,
      -257.1312728155227,
      -257.01763734363374,
      -256.78321693057103,
      -256.28580075218565
    ],
    "time_per_epoch": [
      4.645168781280518,
      2.3710575103759766,
      2.2452526092529297,
      2.2558817863464355,
      2.2474567890167236,
      2.2669081687927246,
      2.2429940700531006,
      2.233806848526001,
      2.251055955886841,
      2.2279574871063232,
      2.239142656326294,
      2.230569362640381,
      2.2640669345855713,
      2.247107982635498,
      2.250229597091675,
      2.2319774627685547,
      2.2601511478424072,
      2.2392241954803467,
      2.2347047328948975,
      2.235990524291992,
      2.235858201980591,
      2.3308682441711426,
      2.298936605453491,
      2.2470176219940186,
      2.232297897338867,
      2.2354023456573486,
      2.2374985218048096,
      2.239046335220337,
      2.2157480716705322,
      2.287341833114624
    ]
  },
  "baseline": {
    "epoch": [
      0,
      1,
      2,
      3,
      4,
      5,
      6,
      7,
      8,
      9,
      10,
      11,
      12,
      13,
      14,
      15,
      16,
      17,
      18,
      19,
      20,
      21,
      22,
      23,
      24,
      25,
      26,
      27,
      28,
      29
    ],
    "loss_total": [
      95.96347272963752,
      43.40606698535738,
      29.926400820414226,
      23.891330764407204,
      20.2646572022211,
      17.580982639676048,
      15.528703326270694,
      14.038209052312942,
      12.779842921665736,
      11.85099272500901,
      11.101787135714577,
      10.510569776807513,
      10.057389304751442,
      9.680895146869478,
      9.39068351473127,
      9.15631071726481,
      8.958712123689198,
      8.805291130429222,
      8.64753522191729,
      8.557786714463006,
      8.491887274242583,
      8.385789757683163,
      8.35261022476923,
      8.309742836725144,
      8.296951021466937,
      8.254788024084908,
      8.247213863191151,
      8.245382660911197,
      8.221456970487322,
      8.223990599314371
    ],
    "loss_ce": [
      95.96347272963752,
      43.40606698535738,
      29.926400820414226,
      23.891330764407204,
      20.2646572022211,
      17.580982639676048,
      15.528703326270694,
      14.038209052312942,
      12.779842921665736,
      11.85099272500901,
      11.101787135714577,
      10.510569776807513,
      10.057389304751442,
      9.680895146869478,
      9.39068351473127,
      9.15631071726481,
      8.958712123689198,
      8.805291130429222,
      8.64753522191729,
      8.557786714463006,
      8.491887274242583,
      8.385789757683163,
      8.35261022476923,
      8.309742836725144,
      8.296951021466937,
      8.254788024084908,
      8.247213863191151,
      8.245382660911197,
      8.221456970487322,
      8.223990599314371
    ],
    "loss_dissonance": [
      0.0,
      0.0,
      0.0,
      0.0,
      0.0,
      0.0,
      0.0,
      0.0,
      0.0,
      0.0,
      0.0,
      0.0,
      0.0,
      0.0,
      0.0,
      0.0,
      0.0,
      0.0,
      0.0,
      0.0,
      0.0,
      0.0,
      0.0,
      0.0,
      0.0,
      0.0,
      0.0,
      0.0,
      0.0,
      0.0
    ],
    "perplexity": [
      1000000.0,
      1000000.0,
      1000000.0,
      1000000.0,
      1000000.0,
      1000000.0,
      1000000.0,
      1000000.0,
      354989.4375,
      140223.546875,
      66289.5546875,
      36701.37890625,
      23327.525390625,
      16008.81640625,
      11976.2783203125,
      9474.04296875,
      7775.3408203125,
      6669.43994140625,
      5696.09033203125,
      5207.14453125,
      4875.05712890625,
      4384.3203125,
      4241.23828125,
      4063.268310546875,
      4011.62353515625,
      3845.998046875,
      3816.97802734375,
      3809.99169921875,
      3719.91650390625,
      3729.3544921875
    ],